analysis,metric,p_value
career_growth_vs_engagement,0.48536220159714405,0.0
department_anova,1.3436962102088084,0.23360697603230018
regression_r_squared,0.9319959356121568,
ab_test,-59.890978700953305,0.0
