analysis,metric,p_value
career_growth_vs_engagement,0.49734283959057385,0.0
department_anova,1.2594118252576216,0.2724520911743362
regression_r_squared,1.0,
ab_test,-1.4858385230838518,0.13732814294669843
